<?xml version="1.0" encoding="UTF-8"?>
<project-private xmlns="http://www.netbeans.org/ns/project-private/1">
    <editor-bookmarks xmlns="http://www.netbeans.org/ns/editor-bookmarks/2" lastBookmarkId="0"/>
    <open-files xmlns="http://www.netbeans.org/ns/projectui-open-files/2">
        <group>
            <file>file:/Users/apple/NetBeansProjects/Projet_java/src/controleur/TestMain.java</file>
            <file>file:/Users/apple/NetBeansProjects/Projet_java/src/vue/Fenetre.java</file>
            <file>file:/Users/apple/NetBeansProjects/Projet_java/src/modele/Connexion.java</file>
        </group>
    </open-files>
</project-private>
